EnforcerID,PeriodStartTime,PeriodEndTime,ClientIP,ServerIP,ServiceID,LineID,PipeID,VCID,InstanceType,InstanceKey1,InstanceKey2,NetUnitID,ClientDeviceID,ClientDevice.Class,ClientDevice.Vendor,ClientDevice.Model,ClientDeviceOS.Name,ClientDeviceOS.FullVersion,ClientDeviceOS.MajorVersion,TetheringIndication,NextHopAS,DestinationAS,MonitoredServiceGroupID,SessionRAT,IPv6Prefix,IPv6PrefixLength,CongestionState,InTunnelType,InTunnelInfo1,InTunnelInfo2,OutTunnelType,OutTunnelInfo1,OutTunnelInfo2,SubSessionKey,SubscriberID,SourceAS,LiveConnections,NewConnections,PacketsIn,PacketsOut,OctetsIn,OctetsOut,NetworkActivityTimeSec,RetransmittedTcpDataSegmentsIn,TotalTcpDataSegmentsIn,RetransmittedTcpDataSegmentsOut,TotalTcpDataSegmentsOut,RttEstimateExternalAvgMsec,RttEstimateExternalSumMsec,RttEstimateExternaEventsMsec,RttEstimateInternalAvgMsec,RttEstimateInternalSumMsec,RttEstimateInternaEventsMsec,MaxBandwidthKbps,MinBandwidthKbps,VoiPSessionDuration,QosDroppedPacketsIn,QosDroppedPacketsOut,QosDroppedOctetsIn,QosDroppedOctetsOut,UDPPacketsIn,UDPPacketsOut,UDPOctetsIn,UDPOctetsOut,InQoSLatencyAvgMsec,OutQoSLatencyAvgMsec,InNetworkActivityTimeSec,OutNetworkActivityTimeSec,SilentlyDroppedConnections,RejectedConnections,ClosedPassedConnections
SGVE2,2021-12-18T09:40:00+0000,2021-12-18T09:45:00+0000,0::FFFF:xx.xx.xx.xx,-1,Facebook,FixNW,Fallback,Fallback,0,0,0,2174331890,Generic,-1,-1,-1,GENERIC,GENERIC,-1,Un-Tethered,0,0,Web Applications,1004,-1,0,0,No tunnel information,-1,00000000-0,No tunnel information,-1,00000000-0,61,9XXX506XXX,0,1,2,2760,2,2299504,140,0,0,3,0,2,0,0,0,0,0,0,101,0,0,0,0,0,0,0,0,0,0,0,0,300,15,0,0,3
SGVE2,2021-12-18T09:40:00+0000,2021-12-18T09:45:00+0000,0::FFFF:xx.xx.xx.xx,-1,Facebook Chat,FixNW,Fallback,Fallback,0,0,0,2174331890,Generic,-1,-1,-1,GENERIC,GENERIC,-1,Un-Tethered,0,0,Instant Messaging Applications,1004,-1,0,0,No tunnel information,-1,00000000-0,No tunnel information,-1,00000000-0,61,9XXX506XXX,0,2,1,51,0,9866,0,0,1,46,0,0,0,0,0,0,0,0,0,0,0,0,0,0,0,0,0,0,0,0,0,225,0,0,0,2
SGVE2,2021-12-18T09:40:00+0000,2021-12-18T09:45:00+0000,0::FFFF:xx.xx.xx.xx,-1,Facebook,FixNW,Fallback,Fallback,0,0,0,2174331890,Generic,-1,-1,-1,GENERIC,GENERIC,-1,Tethered,0,0,Web Applications,1004,-1,0,0,No tunnel information,-1,00000000-0,No tunnel information,-1,00000000-0,61,9XXX506XXX,0,7,7,414,470,62942,183896,0,7,411,10,466,81,572,7,36,258,7,12,0,0,0,0,0,0,0,0,0,0,0,0,300,300,0,0,7
SGVE2,2021-12-18T09:40:00+0000,2021-12-18T09:45:00+0000,0::FFFF:xx.xx.xx.xx,-1,Twitter,FixNW,Fallback,Fallback,0,0,0,2174331890,Generic,-1,-1,-1,GENERIC,GENERIC,-1,Un-Tethered,0,0,Web Applications,1004,-1,0,0,No tunnel information,-1,00000000-0,No tunnel information,-1,00000000-0,61,9XXX506XXX,0,2,5,445,0,521312,0,0,0,440,0,0,0,0,0,0,0,0,90,0,0,0,0,0,0,0,0,0,0,0,0,135,0,0,0,7
SGVE2,2021-12-18T09:40:00+0000,2021-12-18T09:45:00+0000,0::FFFF:xx.xx.xx.xx,-1,Twitter,FixNW,Fallback,Fallback,0,0,0,2174331890,Generic,-1,-1,-1,GENERIC,GENERIC,-1,Tethered,0,0,Web Applications,1004,-1,0,0,No tunnel information,-1,00000000-0,No tunnel information,-1,00000000-0,61,9XXX506XXX,0,2,0,65,60,11026,19571,0,0,51,1,50,0,0,0,0,0,0,3,0,0,0,0,0,0,0,0,0,0,0,0,135,135,0,0,2
SGVE2,2021-12-18T09:40:00+0000,2021-12-18T09:45:00+0000,0::FFFF:xx.xx.xx.xx,-1,WhatsApp,FixNW,Fallback,Fallback,0,0,0,2174331890,Generic,-1,-1,-1,GENERIC,GENERIC,-1,Tethered,0,0,Instant Messaging Applications,1004,-1,0,0,No tunnel information,-1,00000000-0,No tunnel information,-1,00000000-0,61,9XXX506XXX,0,1,0,5,6,994,528,0,0,3,0,3,0,0,0,0,0,0,0,0,0,0,0,0,0,0,0,0,0,0,0,30,30,0,0,1
SGVE2,2021-12-18T09:40:00+0000,2021-12-18T09:45:00+0000,0::FFFF:xx.xx.xx.xx,-1,Skype,FixNW,Fallback,Fallback,0,0,0,2174331890,Generic,-1,-1,-1,GENERIC,GENERIC,-1,Un-Tethered,0,0,Instant Messaging Applications,1004,-1,0,0,No tunnel information,-1,00000000-0,No tunnel information,-1,00000000-0,61,9XXX506XXX,0,0,0,11,7,7205,1435,0,0,1,0,0,0,0,0,0,0,0,2,2,0,0,0,0,0,0,0,0,0,0,0,15,15,0,0,1
SGVE2,2021-12-18T09:40:00+0000,2021-12-18T09:45:00+0000,0::FFFF:xx.xx.xx.xx,-1,Skype,FixNW,Fallback,Fallback,0,0,0,2174331890,Generic,-1,-1,-1,GENERIC,GENERIC,-1,Tethered,0,0,Instant Messaging Applications,1004,-1,0,0,No tunnel information,-1,00000000-0,No tunnel information,-1,00000000-0,61,9XXX506XXX,0,1,1,16,13,7465,2127,0,0,17,2,14,7,7,1,34,34,1,2,0,0,0,0,0,0,0,0,0,0,0,0,60,45,0,0,0
SGVE2,2021-12-18T09:40:00+0000,2021-12-18T09:45:00+0000,0::FFFF:xx.xx.xx.xx,-1,Yandex,FixNW,Fallback,Fallback,0,0,0,2174331890,Generic,-1,-1,-1,GENERIC,GENERIC,-1,Un-Tethered,0,0,Web Applications,1004,-1,0,0,No tunnel information,-1,00000000-0,No tunnel information,-1,00000000-0,61,9XXX506XXX,0,0,0,2,1,164,70,0,0,0,0,0,0,0,0,0,0,0,0,0,0,0,0,0,0,0,0,0,0,0,0,15,15,0,0,1
SGVE2,2021-12-18T09:40:00+0000,2021-12-18T09:45:00+0000,0::FFFF:xx.xx.xx.xx,-1,Google Play,FixNW,Fallback,Fallback,0,0,0,2174331890,Generic,-1,-1,-1,GENERIC,GENERIC,-1,Un-Tethered,0,0,File Transfer,1004,-1,0,0,No tunnel information,-1,00000000-0,No tunnel information,-1,00000000-0,61,9XXX506XXX,0,0,0,30,32,18761,4202,0,0,0,0,0,0,0,0,0,0,0,5,5,0,0,0,0,0,0,0,0,0,0,0,15,15,0,0,3
SGVE2,2021-12-18T09:40:00+0000,2021-12-18T09:45:00+0000,0::FFFF:xx.xx.xx.xx,-1,WhatsApp,FixNW,Fallback,Fallback,0,0,0,2174331890,Generic,-1,-1,-1,GENERIC,GENERIC,-1,Un-Tethered,0,0,Instant Messaging Applications,1004,-1,0,0,No tunnel information,-1,00000000-0,No tunnel information,-1,00000000-0,61,9XXX506XXX,0,1,1,6,6,1361,519,0,0,9,0,9,0,0,0,0,0,0,0,0,0,0,0,0,0,0,0,0,0,0,0,30,30,0,0,0
SGVE2,2021-12-18T09:40:00+0000,2021-12-18T09:45:00+0000,0::FFFF:xx.xx.xx.xx,-1,Quic Obfuscated,FixNW,Fallback,Fallback,0,0,0,2174331890,Generic,-1,-1,-1,GENERIC,GENERIC,-1,Tethered,0,0,Web Applications,1004,-1,0,0,No tunnel information,-1,00000000-0,No tunnel information,-1,00000000-0,61,9XXX506XXX,0,16,86,11485,4439,11969478,969626,0,0,0,0,0,0,0,0,0,0,0,1125,17,0,0,0,0,0,0,0,0,0,0,0,300,300,0,0,95
SGVE2,2021-12-18T09:40:00+0000,2021-12-18T09:45:00+0000,0::FFFF:xx.xx.xx.xx,-1,YouTube Browsing,FixNW,Fallback,Fallback,0,0,0,2174331890,Generic,-1,-1,-1,GENERIC,GENERIC,-1,Tethered,0,0,Web Applications,1004,-1,0,0,No tunnel information,-1,00000000-0,No tunnel information,-1,00000000-0,61,9XXX506XXX,0,1,1,25,20,18662,2482,0,0,24,4,20,4,4,1,20,20,1,5,0,0,0,0,0,0,0,0,0,0,0,0,75,75,0,0,1
SGVE2,2021-12-18T09:40:00+0000,2021-12-18T09:45:00+0000,0::FFFF:xx.xx.xx.xx,-1,HTTPS,FixNW,Fallback,Fallback,0,0,0,2174331890,Generic,-1,-1,-1,GENERIC,GENERIC,-1,Tethered,0,0,Web Applications,1004,-1,0,0,No tunnel information,-1,00000000-0,No tunnel information,-1,00000000-0,61,9XXX506XXX,0,118,920,17190,10988,17580388,1770766,0,71,19101,2641,11169,132,47414,358,37,13440,358,1340,229,0,0,0,0,0,0,0,0,0,0,0,300,300,0,0,947
SGVE2,2021-12-18T09:40:00+0000,2021-12-18T09:45:00+0000,0::FFFF:xx.xx.xx.xx,-1,Quic Obfuscated,FixNW,Fallback,Fallback,0,0,0,2174331890,Generic,-1,-1,-1,GENERIC,GENERIC,-1,Un-Tethered,0,0,Web Applications,1004,-1,0,0,No tunnel information,-1,00000000-0,No tunnel information,-1,00000000-0,61,9XXX506XXX,0,6,74,20770,100,26370403,38281,0,0,0,0,0,0,0,0,0,0,0,3885,7,0,0,0,0,0,0,0,0,0,0,0,240,45,0,0,26
SGVE2,2021-12-18T09:40:00+0000,2021-12-18T09:45:00+0000,0::FFFF:xx.xx.xx.xx,-1,Other UDP,FixNW,Fallback,Fallback,0,0,0,2174331890,Generic,-1,-1,-1,GENERIC,GENERIC,-1,Un-Tethered,0,0,Unclassified,1004,-1,0,0,No tunnel information,-1,00000000-0,No tunnel information,-1,00000000-0,61,9XXX506XXX,0,13,0,20328,0,22352979,0,0,0,0,0,0,0,0,0,0,0,0,1775,76,0,0,0,0,0,0,0,0,0,0,0,300,0,0,0,54
SGVE2,2021-12-18T09:40:00+0000,2021-12-18T09:45:00+0000,0::FFFF:xx.xx.xx.xx,-1,GoogleServices,FixNW,Fallback,Fallback,0,0,0,2174331890,Generic,-1,-1,-1,GENERIC,GENERIC,-1,Tethered,0,0,Web Applications,1004,-1,0,0,No tunnel information,-1,00000000-0,No tunnel information,-1,00000000-0,61,9XXX506XXX,0,13,30,2406,1499,1412472,406597,0,3,2332,30,1301,9,163,17,50,855,17,116,13,0,0,0,0,0,0,0,0,0,0,0,300,300,0,0,22
SGVE2,2021-12-18T09:40:00+0000,2021-12-18T09:45:00+0000,0::FFFF:xx.xx.xx.xx,-1,GoogleServices,FixNW,Fallback,Fallback,0,0,0,2174331890,Generic,-1,-1,-1,GENERIC,GENERIC,-1,Un-Tethered,0,0,Web Applications,1004,-1,0,0,No tunnel information,-1,00000000-0,No tunnel information,-1,00000000-0,61,9XXX506XXX,0,11,14,577,174,297905,50714,0,0,419,4,47,3,14,4,27,109,4,20,1,0,0,0,0,0,0,0,0,0,0,0,300,120,0,0,22
SGVE2,2021-12-18T09:40:00+0000,2021-12-18T09:45:00+0000,0::FFFF:xx.xx.xx.xx,-1,Other UDP,FixNW,Fallback,Fallback,0,0,0,2174331890,Generic,-1,-1,-1,GENERIC,GENERIC,-1,Tethered,0,0,Unclassified,1004,-1,0,0,No tunnel information,-1,00000000-0,No tunnel information,-1,00000000-0,61,9XXX506XXX,0,2,2,506,10,571482,5413,0,0,0,0,0,0,0,0,0,0,0,139,11,0,0,0,0,0,0,0,0,0,0,0,45,30,0,0,10
SGVE2,2021-12-18T09:40:00+0000,2021-12-18T09:45:00+0000,0::FFFF:xx.xx.xx.xx,-1,HTTPS,FixNW,Fallback,Fallback,0,0,0,2174331890,Generic,-1,-1,-1,GENERIC,GENERIC,-1,Un-Tethered,0,0,Web Applications,1004,-1,0,0,No tunnel information,-1,00000000-0,No tunnel information,-1,00000000-0,61,9XXX506XXX,0,89,402,19550,274,22526932,28529,0,49,19934,30,113,112,448,4,28,115,4,2463,139,0,0,0,0,0,0,0,0,0,0,0,300,225,0,0,443
SGVE2,2021-12-18T09:40:00+0000,2021-12-18T09:45:00+0000,0::FFFF:xx.xx.xx.xx,-1,Other TCP,FixNW,Fallback,Fallback,0,0,0,2174331890,Generic,-1,-1,-1,GENERIC,GENERIC,-1,Un-Tethered,0,0,Unclassified,1004,-1,0,0,No tunnel information,-1,00000000-0,No tunnel information,-1,00000000-0,61,9XXX506XXX,0,0,6,16,0,1116,0,0,2,16,0,0,0,0,0,0,0,0,0,0,0,0,0,0,0,0,0,0,0,0,0,45,0,0,0,6
SGVE2,2021-12-18T09:40:00+0000,2021-12-18T09:45:00+0000,0::FFFF:xx.xx.xx.xx,-1,Yahoo Management,FixNW,Fallback,Fallback,0,0,0,2174331890,Generic,-1,-1,-1,GENERIC,GENERIC,-1,Tethered,0,0,Web Applications,1004,-1,0,0,No tunnel information,-1,00000000-0,No tunnel information,-1,00000000-0,61,9XXX506XXX,0,10,17,203,205,97461,33406,0,0,212,32,217,140,2393,17,28,492,17,12,0,0,0,0,0,0,0,0,0,0,0,0,240,240,0,0,15
SGVE2,2021-12-18T09:40:00+0000,2021-12-18T09:45:00+0000,0::FFFF:xx.xx.xx.xx,-1,Yahoo Management,FixNW,Fallback,Fallback,0,0,0,2174331890,Generic,-1,-1,-1,GENERIC,GENERIC,-1,Un-Tethered,0,0,Web Applications,1004,-1,0,0,No tunnel information,-1,00000000-0,No tunnel information,-1,00000000-0,61,9XXX506XXX,0,13,21,935,0,1008180,0,0,0,949,0,0,0,0,0,0,0,0,214,0,0,0,0,0,0,0,0,0,0,0,0,240,0,0,0,21
SGVE2,2021-12-18T09:40:00+0000,2021-12-18T09:45:00+0000,0::FFFF:xx.xx.xx.xx,-1,Amazon Services,FixNW,Fallback,Fallback,0,0,0,2174331890,Generic,-1,-1,-1,GENERIC,GENERIC,-1,Tethered,0,0,Web Applications,1004,-1,0,0,No tunnel information,-1,00000000-0,No tunnel information,-1,00000000-0,61,9XXX506XXX,0,8,11,435,333,449361,61039,0,11,484,9,388,22,248,11,42,466,11,69,0,0,0,0,0,0,0,0,0,0,0,0,240,240,0,0,4
SGVE2,2021-12-18T09:40:00+0000,2021-12-18T09:45:00+0000,0::FFFF:xx.xx.xx.xx,-1,Psiphon ML Heuristics,FixNW,Fallback,Fallback,0,0,0,2174331890,Generic,-1,-1,-1,GENERIC,GENERIC,-1,Un-Tethered,0,0,VPNs and Anonymizers,1004,-1,0,0,No tunnel information,-1,00000000-0,No tunnel information,-1,00000000-0,61,9XXX506XXX,0,3,9,10130,11,12661887,833,0,0,10,1,15,1,3,2,33,66,2,1280,1,0,0,0,0,0,0,0,0,0,0,0,300,30,0,0,10
SGVE2,2021-12-18T09:40:00+0000,2021-12-18T09:45:00+0000,0::FFFF:xx.xx.xx.xx,-1,Google Push Notifications,FixNW,Fallback,Fallback,0,0,0,2174331890,Generic,-1,-1,-1,GENERIC,GENERIC,-1,Un-Tethered,0,0,Instant Messaging Applications,1004,-1,0,0,No tunnel information,-1,00000000-0,No tunnel information,-1,00000000-0,61,9XXX506XXX,0,3,2,21,0,9412,0,0,0,19,0,0,0,0,0,0,0,0,1,0,0,0,0,0,0,0,0,0,0,0,0,135,0,0,0,4
SGVE2,2021-12-18T09:40:00+0000,2021-12-18T09:45:00+0000,0::FFFF:xx.xx.xx.xx,-1,Google Search,FixNW,Fallback,Fallback,0,0,0,2174331890,Generic,-1,-1,-1,GENERIC,GENERIC,-1,Tethered,0,0,Web Applications,1004,-1,0,0,No tunnel information,-1,00000000-0,No tunnel information,-1,00000000-0,61,9XXX506XXX,0,4,15,1284,881,725550,132401,0,0,0,0,0,0,0,0,0,0,0,77,0,0,0,0,0,0,0,0,0,0,0,0,300,300,0,0,14
SGVE2,2021-12-18T09:40:00+0000,2021-12-18T09:45:00+0000,0::FFFF:xx.xx.xx.xx,-1,MS Services,FixNW,Fallback,Fallback,0,0,0,2174331890,Generic,-1,-1,-1,GENERIC,GENERIC,-1,Un-Tethered,0,0,Web Applications,1004,-1,0,0,No tunnel information,-1,00000000-0,No tunnel information,-1,00000000-0,61,9XXX506XXX,0,2,0,29,16,20374,2518,0,0,2,0,2,0,0,0,0,0,0,2,0,0,0,0,0,0,0,0,0,0,0,0,75,45,0,0,4
SGVE2,2021-12-18T09:40:00+0000,2021-12-18T09:45:00+0000,0::FFFF:xx.xx.xx.xx,-1,Microsoft Teams,FixNW,Fallback,Fallback,0,0,0,2174331890,Generic,-1,-1,-1,GENERIC,GENERIC,-1,Un-Tethered,0,0,Web Applications,1004,-1,0,0,No tunnel information,-1,00000000-0,No tunnel information,-1,00000000-0,61,9XXX506XXX,0,1,0,6,0,630,0,0,0,6,0,0,0,0,0,0,0,0,0,0,0,0,0,0,0,0,0,0,0,0,0,90,0,0,0,0
SGVE2,2021-12-18T09:40:00+0000,2021-12-18T09:45:00+0000,0::FFFF:xx.xx.xx.xx,-1,Psiphon ML Heuristics,FixNW,Fallback,Fallback,0,0,0,2174331890,Generic,-1,-1,-1,GENERIC,GENERIC,-1,Tethered,0,0,VPNs and Anonymizers,1004,-1,0,0,No tunnel information,-1,00000000-0,No tunnel information,-1,00000000-0,61,9XXX506XXX,0,7,24,8981,1828,10453824,269665,0,0,22,0,26,128,128,1,44,44,1,1228,1,0,0,0,0,0,0,0,0,0,0,0,300,300,0,0,19
SGVE2,2021-12-18T09:40:00+0000,2021-12-18T09:45:00+0000,0::FFFF:xx.xx.xx.xx,-1,FacebookContent,FixNW,Fallback,Fallback,0,0,0,2174331890,Generic,-1,-1,-1,GENERIC,GENERIC,-1,Tethered,0,0,Web Applications,1004,-1,0,0,No tunnel information,-1,00000000-0,No tunnel information,-1,00000000-0,61,9XXX506XXX,0,4,15,4827,721,5664919,124384,0,1,16,1,16,3,3,1,29,29,1,473,6,0,0,0,0,0,0,0,0,0,0,0,300,300,0,0,18
SGVE2,2021-12-18T09:40:00+0000,2021-12-18T09:45:00+0000,0::FFFF:xx.xx.xx.xx,-1,Linkedin,FixNW,Fallback,Fallback,0,0,0,2174331890,Generic,-1,-1,-1,GENERIC,GENERIC,-1,Un-Tethered,0,0,Web Applications,1004,-1,0,0,No tunnel information,-1,00000000-0,No tunnel information,-1,00000000-0,61,9XXX506XXX,0,2,1,43,0,10054,0,0,0,39,0,0,0,0,0,0,0,0,1,0,0,0,0,0,0,0,0,0,0,0,0,240,0,0,0,2
SGVE2,2021-12-18T09:40:00+0000,2021-12-18T09:45:00+0000,0::FFFF:xx.xx.xx.xx,-1,Facebook Video,FixNW,Fallback,Fallback,0,0,0,2174331890,Generic,-1,-1,-1,GENERIC,GENERIC,-1,Tethered,0,0,Streaming Applications,1004,-1,0,0,No tunnel information,-1,00000000-0,No tunnel information,-1,00000000-0,61,9XXX506XXX,0,4,12,14822,2091,18790139,242623,0,6,2302,4,920,2,8,3,88,264,3,1678,27,0,0,0,0,0,0,0,0,0,0,0,240,240,0,0,14
SGVE2,2021-12-18T09:40:00+0000,2021-12-18T09:45:00+0000,0::FFFF:xx.xx.xx.xx,-1,Encrypt,FixNW,Fallback,Fallback,0,0,0,2174331890,Generic,-1,-1,-1,GENERIC,GENERIC,-1,Un-Tethered,0,0,Security,1004,-1,0,0,No tunnel information,-1,00000000-0,No tunnel information,-1,00000000-0,61,9XXX506XXX,0,0,4,60,0,29311,0,0,0,60,0,0,0,0,0,0,0,0,2,1,0,0,0,0,0,0,0,0,0,0,0,75,0,0,0,4
SGVE2,2021-12-18T09:40:00+0000,2021-12-18T09:45:00+0000,0::FFFF:xx.xx.xx.xx,-1,HTTP_Browsing,FixNW,Fallback,Fallback,0,0,0,2174331890,Generic,-1,-1,-1,GENERIC,GENERIC,-1,Un-Tethered,0,0,Web Applications,1004,-1,0,0,No tunnel information,-1,00000000-0,No tunnel information,-1,00000000-0,61,9XXX506XXX,0,0,9,45,28,5833,2964,0,0,45,8,28,3,13,4,26,106,4,1,0,0,0,0,0,0,0,0,0,0,0,0,105,75,0,0,9
SGVE2,2021-12-18T09:40:00+0000,2021-12-18T09:45:00+0000,0::FFFF:xx.xx.xx.xx,-1,Facebook Video,FixNW,Fallback,Fallback,0,0,0,2174331890,Generic,-1,-1,-1,GENERIC,GENERIC,-1,Un-Tethered,0,0,Streaming Applications,1004,-1,0,0,No tunnel information,-1,00000000-0,No tunnel information,-1,00000000-0,61,9XXX506XXX,0,4,13,20326,0,25311951,0,0,0,6,0,0,0,0,0,0,0,0,1828,36,0,0,0,0,0,0,0,0,0,0,0,300,0,0,0,12
SGVE2,2021-12-18T09:40:00+0000,2021-12-18T09:45:00+0000,0::FFFF:xx.xx.xx.xx,-1,FacebookContent,FixNW,Fallback,Fallback,0,0,0,2174331890,Generic,-1,-1,-1,GENERIC,GENERIC,-1,Un-Tethered,0,0,Web Applications,1004,-1,0,0,No tunnel information,-1,00000000-0,No tunnel information,-1,00000000-0,61,9XXX506XXX,0,5,12,3008,0,3646627,0,0,2,880,0,0,0,0,0,0,0,0,357,1,0,0,0,0,0,0,0,0,0,0,0,225,0,0,0,12
SGVE2,2021-12-18T09:40:00+0000,2021-12-18T09:45:00+0000,0::FFFF:xx.xx.xx.xx,-1,Generic CDN,FixNW,Fallback,Fallback,0,0,0,2174331890,Generic,-1,-1,-1,GENERIC,GENERIC,-1,Un-Tethered,0,0,Web Applications,1004,-1,0,0,No tunnel information,-1,00000000-0,No tunnel information,-1,00000000-0,61,9XXX506XXX,0,1,1,33,0,3401,0,0,0,33,0,0,0,0,0,0,0,0,0,0,0,0,0,0,0,0,0,0,0,0,0,180,0,0,0,1
SGVE2,2021-12-18T09:40:00+0000,2021-12-18T09:45:00+0000,0::FFFF:xx.xx.xx.xx,-1,Amazon Services,FixNW,Fallback,Fallback,0,0,0,2174331890,Generic,-1,-1,-1,GENERIC,GENERIC,-1,Un-Tethered,0,0,Web Applications,1004,-1,0,0,No tunnel information,-1,00000000-0,No tunnel information,-1,00000000-0,61,9XXX506XXX,0,3,6,71,0,34686,0,0,2,70,0,0,0,0,0,0,0,0,3,0,0,0,0,0,0,0,0,0,0,0,0,180,0,0,0,7
SGVE2,2021-12-18T09:40:00+0000,2021-12-18T09:45:00+0000,0::FFFF:xx.xx.xx.xx,-1,Google Search,FixNW,Fallback,Fallback,0,0,0,2174331890,Generic,-1,-1,-1,GENERIC,GENERIC,-1,Un-Tethered,0,0,Web Applications,1004,-1,0,0,No tunnel information,-1,00000000-0,No tunnel information,-1,00000000-0,61,9XXX506XXX,0,2,3,586,310,489492,65123,0,0,48,3,53,3,7,2,25,50,2,123,0,0,0,0,0,0,0,0,0,0,0,0,90,120,0,0,7
SGVE2,2021-12-18T09:40:00+0000,2021-12-18T09:45:00+0000,0::FFFF:xx.xx.xx.xx,-1,Psiphon,FixNW,Fallback,Fallback,0,0,0,2174331890,Generic,-1,-1,-1,GENERIC,GENERIC,-1,Un-Tethered,0,0,VPNs and Anonymizers,1004,-1,0,0,No tunnel information,-1,00000000-0,No tunnel information,-1,00000000-0,61,9XXX506XXX,0,1,4,184,2,211663,171,0,0,179,0,0,0,0,0,0,0,0,17,0,0,0,0,0,0,0,0,0,0,0,0,165,15,0,0,6
SGVE2,2021-12-18T09:40:00+0000,2021-12-18T09:45:00+0000,0::FFFF:xx.xx.xx.xx,-1,Bing,FixNW,Fallback,Fallback,0,0,0,2174331890,Generic,-1,-1,-1,GENERIC,GENERIC,-1,Un-Tethered,0,0,Web Applications,1004,-1,0,0,No tunnel information,-1,00000000-0,No tunnel information,-1,00000000-0,61,9XXX506XXX,0,1,0,3,0,204,0,0,0,2,0,0,0,0,0,0,0,0,0,0,0,0,0,0,0,0,0,0,0,0,0,30,0,0,0,1
SGVE2,2021-12-18T09:40:00+0000,2021-12-18T09:45:00+0000,0::FFFF:xx.xx.xx.xx,-1,Salesforce,FixNW,Fallback,Fallback,0,0,0,2174331890,Generic,-1,-1,-1,GENERIC,GENERIC,-1,Un-Tethered,0,0,Business Applications,1004,-1,0,0,No tunnel information,-1,00000000-0,No tunnel information,-1,00000000-0,61,9XXX506XXX,0,1,1,12,0,4698,0,0,0,11,0,0,0,0,0,0,0,0,1,0,0,0,0,0,0,0,0,0,0,0,0,45,0,0,0,2
SGVE2,2021-12-18T09:40:00+0000,2021-12-18T09:45:00+0000,0::FFFF:xx.xx.xx.xx,-1,Amazon,FixNW,Fallback,Fallback,0,0,0,2174331890,Generic,-1,-1,-1,GENERIC,GENERIC,-1,Tethered,0,0,Web Applications,1004,-1,0,0,No tunnel information,-1,00000000-0,No tunnel information,-1,00000000-0,61,9XXX506XXX,0,9,0,169,20,110230,2517,0,0,50,3,11,0,0,0,0,0,0,10,0,0,0,0,0,0,0,0,0,0,0,0,195,75,0,0,11
SGVE2,2021-12-18T09:40:00+0000,2021-12-18T09:45:00+0000,0::FFFF:xx.xx.xx.xx,-1,Amazon,FixNW,Fallback,Fallback,0,0,0,2174331890,Generic,-1,-1,-1,GENERIC,GENERIC,-1,Un-Tethered,0,0,Web Applications,1004,-1,0,0,No tunnel information,-1,00000000-0,No tunnel information,-1,00000000-0,61,9XXX506XXX,0,7,0,554,225,695791,69013,0,0,1,0,0,0,0,0,0,0,0,128,0,0,0,0,0,0,0,0,0,0,0,0,45,45,0,0,9
SGVE2,2021-12-18T09:40:00+0000,2021-12-18T09:45:00+0000,0::FFFF:xx.xx.xx.xx,-1,Adobe Creative Cloud,FixNW,Fallback,Fallback,0,0,0,2174331890,Generic,-1,-1,-1,GENERIC,GENERIC,-1,Tethered,0,0,Web Applications,1004,-1,0,0,No tunnel information,-1,00000000-0,No tunnel information,-1,00000000-0,61,9XXX506XXX,0,1,2,27,29,7839,4419,0,0,17,6,21,283,567,2,32,65,2,2,0,0,0,0,0,0,0,0,0,0,0,0,45,45,0,0,6
SGVE2,2021-12-18T09:40:00+0000,2021-12-18T09:45:00+0000,0::FFFF:xx.xx.xx.xx,-1,GoogleCloudStorage,FixNW,Fallback,Fallback,0,0,0,2174331890,Generic,-1,-1,-1,GENERIC,GENERIC,-1,Tethered,0,0,Business Applications,1004,-1,0,0,No tunnel information,-1,00000000-0,No tunnel information,-1,00000000-0,61,9XXX506XXX,0,1,1,1061,0,1526666,0,0,0,1061,0,0,0,0,0,0,0,0,373,23,0,0,0,0,0,0,0,0,0,0,0,30,0,0,0,1
SGVE2,2021-12-18T09:40:00+0000,2021-12-18T09:45:00+0000,0::FFFF:xx.xx.xx.xx,-1,Mobile_HTTP_Browsing,FixNW,Fallback,Fallback,0,0,0,2174331890,Generic,-1,-1,-1,GENERIC,GENERIC,-1,Tethered,0,0,Web Applications,1004,-1,0,0,No tunnel information,-1,00000000-0,No tunnel information,-1,00000000-0,61,9XXX506XXX,0,0,1,5,0,586,0,0,0,5,0,0,0,0,0,0,0,0,0,0,0,0,0,0,0,0,0,0,0,0,0,30,0,0,0,1
SGVE2,2021-12-18T09:40:00+0000,2021-12-18T09:45:00+0000,0::FFFF:xx.xx.xx.xx,-1,Mobile_HTTP_Browsing,FixNW,Fallback,Fallback,0,0,0,2174331890,Generic,-1,-1,-1,GENERIC,GENERIC,-1,Un-Tethered,0,0,Web Applications,1004,-1,0,0,No tunnel information,-1,00000000-0,No tunnel information,-1,00000000-0,61,9XXX506XXX,0,2,2,1346,307,1859343,22782,0,27,1373,1,307,4,9,2,19,39,2,339,150,0,0,0,0,0,0,0,0,0,0,0,30,30,0,0,2
SGVE2,2021-12-18T09:40:00+0000,2021-12-18T09:45:00+0000,0::FFFF:xx.xx.xx.xx,-1,YouTube,FixNW,Fallback,Fallback,0,0,0,2174331890,Generic,-1,-1,-1,GENERIC,GENERIC,-1,Tethered,0,0,Streaming Applications,1004,-1,0,0,No tunnel information,-1,00000000-0,No tunnel information,-1,00000000-0,61,9XXX506XXX,0,1,2,10,18,4781,15367,0,0,0,0,0,0,0,0,0,0,0,2,0,0,0,0,0,0,0,0,0,0,0,0,15,75,0,0,2
SGVE2,2021-12-18T09:40:00+0000,2021-12-18T09:45:00+0000,0::FFFF:xx.xx.xx.xx,-1,OneDrive,FixNW,Fallback,Fallback,0,0,0,2174331890,Generic,-1,-1,-1,GENERIC,GENERIC,-1,Tethered,0,0,File Transfer,1004,-1,0,0,No tunnel information,-1,00000000-0,No tunnel information,-1,00000000-0,61,9XXX506XXX,0,1,0,6,12,1392,990,0,0,6,0,12,0,0,0,0,0,0,0,0,0,0,0,0,0,0,0,0,0,0,0,90,90,0,0,0
SGVE2,2021-12-18T09:40:00+0000,2021-12-18T09:45:00+0000,0::FFFF:xx.xx.xx.xx,-1,reddit,FixNW,Fallback,Fallback,0,0,0,2174331890,Generic,-1,-1,-1,GENERIC,GENERIC,-1,Un-Tethered,0,0,Web Applications,1004,-1,0,0,No tunnel information,-1,00000000-0,No tunnel information,-1,00000000-0,61,9XXX506XXX,0,11,11,3489,0,4328113,0,0,0,2864,0,0,0,0,0,0,0,0,557,0,0,0,0,0,0,0,0,0,0,0,0,255,0,0,0,9
SGVE2,2021-12-18T09:40:00+0000,2021-12-18T09:45:00+0000,0::FFFF:xx.xx.xx.xx,-1,TeamViewer,FixNW,Fallback,Fallback,0,0,0,2174331890,Generic,-1,-1,-1,GENERIC,GENERIC,-1,Tethered,0,0,Terminals,1004,-1,0,0,No tunnel information,-1,00000000-0,No tunnel information,-1,00000000-0,61,9XXX506XXX,0,1,0,11,16,800,1222,0,0,10,0,15,0,0,0,0,0,0,0,0,0,0,0,0,0,0,0,0,0,0,0,120,120,0,0,0
SGVE2,2021-12-18T09:40:00+0000,2021-12-18T09:45:00+0000,0::FFFF:xx.xx.xx.xx,-1,Google UserContent,FixNW,Fallback,Fallback,0,0,0,2174331890,Generic,-1,-1,-1,GENERIC,GENERIC,-1,Tethered,0,0,File Transfer,1004,-1,0,0,No tunnel information,-1,00000000-0,No tunnel information,-1,00000000-0,61,9XXX506XXX,0,0,0,18,0,15326,0,0,0,0,0,0,0,0,0,0,0,0,3,3,0,0,0,0,0,0,0,0,0,0,0,15,0,0,0,2
SGVE2,2021-12-18T09:40:00+0000,2021-12-18T09:45:00+0000,0::FFFF:xx.xx.xx.xx,-1,Google Meet,FixNW,Fallback,Fallback,0,0,0,2174331890,Generic,-1,-1,-1,GENERIC,GENERIC,-1,Un-Tethered,0,0,Instant Messaging Applications,1004,-1,0,0,No tunnel information,-1,00000000-0,No tunnel information,-1,00000000-0,61,9XXX506XXX,0,0,0,7,6,5779,1001,0,0,0,0,0,0,0,0,0,0,0,1,1,0,0,0,0,0,0,0,0,0,0,0,15,15,0,0,1
SGVE2,2021-12-18T09:40:00+0000,2021-12-18T09:45:00+0000,0::FFFF:xx.xx.xx.xx,-1,HTTP,FixNW,Fallback,Fallback,0,0,0,2174331890,Generic,-1,-1,-1,GENERIC,GENERIC,-1,Un-Tethered,0,0,Web Applications,1004,-1,0,0,No tunnel information,-1,00000000-0,No tunnel information,-1,00000000-0,61,9XXX506XXX,0,0,9,7,23,1186,1758,0,0,7,12,23,4,13,3,24,74,3,0,0,0,0,0,0,0,0,0,0,0,0,0,30,60,0,0,9
SGVE2,2021-12-18T09:40:00+0000,2021-12-18T09:45:00+0000,0::FFFF:xx.xx.xx.xx,-1,Microsoft Teams,FixNW,Fallback,Fallback,0,0,0,2174331890,Generic,-1,-1,-1,GENERIC,GENERIC,-1,Tethered,0,0,Web Applications,1004,-1,0,0,No tunnel information,-1,00000000-0,No tunnel information,-1,00000000-0,61,9XXX506XXX,0,1,2,8,22,5282,4776,0,0,15,2,23,230,461,2,62,124,2,1,0,0,0,0,0,0,0,0,0,0,0,0,45,45,0,0,1
SGVE2,2021-12-18T09:40:00+0000,2021-12-18T09:45:00+0000,0::FFFF:xx.xx.xx.xx,-1,Psiphon,FixNW,Fallback,Fallback,0,0,0,2174331890,Generic,-1,-1,-1,GENERIC,GENERIC,-1,Tethered,0,0,VPNs and Anonymizers,1004,-1,0,0,No tunnel information,-1,00000000-0,No tunnel information,-1,00000000-0,61,9XXX506XXX,0,2,7,182,94,187927,15729,0,7,183,11,95,101,508,5,31,158,5,42,0,0,0,0,0,0,0,0,0,0,0,0,120,120,0,0,6
SGVE2,2021-12-18T09:40:00+0000,2021-12-18T09:45:00+0000,0::FFFF:xx.xx.xx.xx,-1,Imo Calls,FixNW,Fallback,Fallback,0,0,0,2174331890,Generic,-1,-1,-1,GENERIC,GENERIC,-1,Tethered,0,0,VoIP,1004,-1,0,0,No tunnel information,-1,00000000-0,No tunnel information,-1,00000000-0,61,9XXX506XXX,0,1,1,1560,515,1565323,100917,0,0,0,0,0,0,0,0,0,0,0,155,7,0,0,0,0,0,0,0,0,0,0,0,135,135,0,0,2
SGVE2,2021-12-18T09:40:00+0000,2021-12-18T09:45:00+0000,0::FFFF:xx.xx.xx.xx,-1,MS Services,FixNW,Fallback,Fallback,0,0,0,2174331890,Generic,-1,-1,-1,GENERIC,GENERIC,-1,Tethered,0,0,Web Applications,1004,-1,0,0,No tunnel information,-1,00000000-0,No tunnel information,-1,00000000-0,61,9XXX506XXX,0,1,1,12,12,10187,2536,0,0,12,0,12,130,130,1,49,49,1,2,1,0,0,0,0,0,0,0,0,0,0,0,30,30,0,0,1
SGVE2,2021-12-18T09:40:00+0000,2021-12-18T09:45:00+0000,0::FFFF:xx.xx.xx.xx,-1,HTTP_Browsing,FixNW,Fallback,Fallback,0,0,0,2174331890,Generic,-1,-1,-1,GENERIC,GENERIC,-1,Tethered,0,0,Web Applications,1004,-1,0,0,No tunnel information,-1,00000000-0,No tunnel information,-1,00000000-0,61,9XXX506XXX,0,1,2,9,11,992,1431,0,0,9,0,11,97,194,2,82,164,2,0,0,0,0,0,0,0,0,0,0,0,0,0,60,60,0,0,2
SGVE2,2021-12-18T09:40:00+0000,2021-12-18T09:45:00+0000,0::FFFF:xx.xx.xx.xx,-1,Salesforce,FixNW,Fallback,Fallback,0,0,0,2174331890,Generic,-1,-1,-1,GENERIC,GENERIC,-1,Tethered,0,0,Business Applications,1004,-1,0,0,No tunnel information,-1,00000000-0,No tunnel information,-1,00000000-0,61,9XXX506XXX,0,1,1,15,14,5099,2102,0,0,15,1,14,207,207,1,21,21,1,1,0,0,0,0,0,0,0,0,0,0,0,0,45,45,0,0,1
SGVE2,2021-12-18T09:40:00+0000,2021-12-18T09:45:00+0000,0::FFFF:xx.xx.xx.xx,-1,Office 365 OutLook,FixNW,Fallback,Fallback,0,0,0,2174331890,Generic,-1,-1,-1,GENERIC,GENERIC,-1,Tethered,0,0,Business Applications,1004,-1,0,0,No tunnel information,-1,00000000-0,No tunnel information,-1,00000000-0,61,9XXX506XXX,0,2,3,205,141,66999,26321,0,1,205,5,141,7,23,3,47,141,3,9,3,0,0,0,0,0,0,0,0,0,0,0,75,75,0,0,3
SGVE2,2021-12-18T09:40:00+0000,2021-12-18T09:45:00+0000,0::FFFF:xx.xx.xx.xx,-1,Pinterest,FixNW,Fallback,Fallback,0,0,0,2174331890,Generic,-1,-1,-1,GENERIC,GENERIC,-1,Un-Tethered,0,0,Web Applications,1004,-1,0,0,No tunnel information,-1,00000000-0,No tunnel information,-1,00000000-0,61,9XXX506XXX,0,2,2,24,0,8156,0,0,0,24,0,0,0,0,0,0,0,0,2,0,0,0,0,0,0,0,0,0,0,0,0,90,0,0,0,2
SGVE2,2021-12-18T09:40:00+0000,2021-12-18T09:45:00+0000,0::FFFF:xx.xx.xx.xx,-1,Microsoft Certificate Validation,FixNW,Fallback,Fallback,0,0,0,2174331890,Generic,-1,-1,-1,GENERIC,GENERIC,-1,Un-Tethered,0,0,Network Operation,1004,-1,0,0,No tunnel information,-1,00000000-0,No tunnel information,-1,00000000-0,61,9XXX506XXX,0,1,2,10,0,1215,0,0,0,10,0,0,0,0,0,0,0,0,0,0,0,0,0,0,0,0,0,0,0,0,0,60,0,0,0,2
SGVE2,2021-12-18T09:40:00+0000,2021-12-18T09:45:00+0000,0::FFFF:xx.xx.xx.xx,-1,HTTP,FixNW,Fallback,Fallback,0,0,0,2174331890,Generic,-1,-1,-1,GENERIC,GENERIC,-1,Tethered,0,0,Web Applications,1004,-1,0,0,No tunnel information,-1,00000000-0,No tunnel information,-1,00000000-0,61,9XXX506XXX,0,0,2,3,10,198,682,0,0,3,5,10,192,192,1,25,25,1,0,0,0,0,0,0,0,0,0,0,0,0,0,15,30,0,0,2
SGVE2,2021-12-18T09:40:00+0000,2021-12-18T09:45:00+0000,0::FFFF:xx.xx.xx.xx,-1,AmazonCloud,FixNW,Fallback,Fallback,0,0,0,2174331890,Generic,-1,-1,-1,GENERIC,GENERIC,-1,Un-Tethered,0,0,File Transfer,1004,-1,0,0,No tunnel information,-1,00000000-0,No tunnel information,-1,00000000-0,61,9XXX506XXX,0,2,3,27,10,8682,4483,0,2,68,0,10,131,131,1,21,21,1,3,0,0,0,0,0,0,0,0,0,0,0,0,75,15,0,0,1
SGVE2,2021-12-18T09:40:00+0000,2021-12-18T09:45:00+0000,0::FFFF:xx.xx.xx.xx,-1,Encrypt,FixNW,Fallback,Fallback,0,0,0,2174331890,Generic,-1,-1,-1,GENERIC,GENERIC,-1,Tethered,0,0,Security,1004,-1,0,0,No tunnel information,-1,00000000-0,No tunnel information,-1,00000000-0,61,9XXX506XXX,0,0,1,10,11,6030,2612,0,0,10,1,11,133,133,1,25,25,1,2,2,0,0,0,0,0,0,0,0,0,0,0,15,15,0,0,1
SGVE2,2021-12-18T09:40:00+0000,2021-12-18T09:45:00+0000,0::FFFF:xx.xx.xx.xx,-1,Yahoo Video,FixNW,Fallback,Fallback,0,0,0,2174331890,Generic,-1,-1,-1,GENERIC,GENERIC,-1,Un-Tethered,0,0,Instant Messaging Applications,1004,-1,0,0,No tunnel information,-1,00000000-0,No tunnel information,-1,00000000-0,61,9XXX506XXX,0,2,2,25,0,14503,0,0,0,25,0,0,0,0,0,0,0,0,2,0,0,0,0,0,0,0,0,0,0,0,0,60,0,0,0,2
SGVE2,2021-12-18T09:40:00+0000,2021-12-18T09:45:00+0000,0::FFFF:xx.xx.xx.xx,-1,Linkedin,FixNW,Fallback,Fallback,0,0,0,2174331890,Generic,-1,-1,-1,GENERIC,GENERIC,-1,Tethered,0,0,Web Applications,1004,-1,0,0,No tunnel information,-1,00000000-0,No tunnel information,-1,00000000-0,61,9XXX506XXX,0,1,1,6,7,953,1141,0,0,6,0,7,4,4,1,41,41,1,0,0,0,0,0,0,0,0,0,0,0,0,0,30,30,0,0,1
SGVE2,2021-12-18T09:40:00+0000,2021-12-18T09:45:00+0000,0::FFFF:xx.xx.xx.xx,-1,Google Drive,FixNW,Fallback,Fallback,0,0,0,2174331890,Generic,-1,-1,-1,GENERIC,GENERIC,-1,Tethered,0,0,Web Applications,1004,-1,0,0,No tunnel information,-1,00000000-0,No tunnel information,-1,00000000-0,61,9XXX506XXX,0,1,1,21,15,12655,2498,0,0,21,0,15,2,2,1,29,29,1,3,0,0,0,0,0,0,0,0,0,0,0,0,30,30,0,0,1
SGVE2,2021-12-18T09:40:00+0000,2021-12-18T09:45:00+0000,0::FFFF:xx.xx.xx.xx,-1,Office 365 OutLook,FixNW,Fallback,Fallback,0,0,0,2174331890,Generic,-1,-1,-1,GENERIC,GENERIC,-1,Un-Tethered,0,0,Business Applications,1004,-1,0,0,No tunnel information,-1,00000000-0,No tunnel information,-1,00000000-0,61,9XXX506XXX,0,3,3,337,0,385921,0,0,6,340,0,0,0,0,0,0,0,0,93,7,0,0,0,0,0,0,0,0,0,0,0,30,0,0,0,3
SGVE2,2021-12-18T09:40:00+0000,2021-12-18T09:45:00+0000,0::FFFF:xx.xx.xx.xx,-1,Adobe Creative Cloud,FixNW,Fallback,Fallback,0,0,0,2174331890,Generic,-1,-1,-1,GENERIC,GENERIC,-1,Un-Tethered,0,0,Web Applications,1004,-1,0,0,No tunnel information,-1,00000000-0,No tunnel information,-1,00000000-0,61,9XXX506XXX,0,1,2,18,0,10114,0,0,0,18,0,0,0,0,0,0,0,0,1,1,0,0,0,0,0,0,0,0,0,0,0,30,0,0,0,2
SGVE2,2021-12-18T09:40:00+0000,2021-12-18T09:45:00+0000,0::FFFF:xx.xx.xx.xx,-1,AmazonCloud,FixNW,Fallback,Fallback,0,0,0,2174331890,Generic,-1,-1,-1,GENERIC,GENERIC,-1,Tethered,0,0,File Transfer,1004,-1,0,0,No tunnel information,-1,00000000-0,No tunnel information,-1,00000000-0,61,9XXX506XXX,0,1,1,11,16,2666,5071,0,0,13,2,19,130,130,1,36,36,1,2,2,0,0,0,0,0,0,0,0,0,0,0,15,15,0,0,0
SGVE2,2021-12-18T09:40:00+0000,2021-12-18T09:45:00+0000,0::FFFF:xx.xx.xx.xx,-1,Amazon Video,FixNW,Fallback,Fallback,0,0,0,2174331890,Generic,-1,-1,-1,GENERIC,GENERIC,-1,Tethered,0,0,Streaming Applications,1004,-1,0,0,No tunnel information,-1,00000000-0,No tunnel information,-1,00000000-0,61,9XXX506XXX,0,5,5,8940,1964,12774127,169670,0,5,9929,4,2169,3,18,5,24,123,5,3370,3370,0,0,0,0,0,0,0,0,0,0,0,15,15,0,0,0
SGVE2,2021-12-18T09:40:00+0000,2021-12-18T09:45:00+0000,0::FFFF:xx.xx.xx.xx,-1,Amazon Video,FixNW,Fallback,Fallback,0,0,0,2174331890,Generic,-1,-1,-1,GENERIC,GENERIC,-1,Un-Tethered,0,0,Streaming Applications,1004,-1,0,0,No tunnel information,-1,00000000-0,No tunnel information,-1,00000000-0,61,9XXX506XXX,0,5,5,377,0,508833,0,0,5,678,0,0,0,0,0,0,0,0,132,132,0,0,0,0,0,0,0,0,0,0,0,15,0,0,0,0
SGVE2,2021-12-18T09:40:00+0000,2021-12-18T09:45:00+0000,0::FFFF:xx.xx.xx.xx,-1,DNS,UD,UD,UD,0,-1,0,-1,-1,-1,-1,-1,-1,-1,-1,-1,0,0,-1,0,-1,0,0,UD,-1,FFFFFFFF-255,UD,-1,FFFFFFFF-255,0,9XXX506XXX,0,163,1225,1084,2093,183971,182570,0,0,0,4,7,0,0,0,0,0,0,15,4,0,0,0,0,0,0,0,0,0,0,0,300,300,0,0,1294
SGVE2,2021-12-18T09:40:00+0000,2021-12-18T09:45:00+0000,0::FFFF:xx.xx.xx.xx,-1,ICMP,UD,UD,UD,0,-1,0,-1,-1,-1,-1,-1,-1,-1,-1,-1,0,0,-1,0,-1,0,0,UD,-1,FFFFFFFF-255,UD,-1,FFFFFFFF-255,0,9XXX506XXX,0,1,1,0,58,0,12117,0,0,0,0,0,0,0,0,0,0,0,0,0,0,0,0,0,0,0,0,0,0,0,0,300,300,0,0,1
SGVE2,2021-12-19T05:55:00+0000,2021-12-19T06:00:00+0000,0::FFFF:xx.xx.xx.xx,-1,Google Play,CaseTest,TestDevice1-SP,ALL-TRAFFIC,5,971506948478,419812019969,4127462284,Generic,-1,-1,-1,GENERIC,GENERIC,-1,Tethered,0,0,File Transfer,1004,-1,0,0,No tunnel information,-1,00000000-0,No tunnel information,-1,00000000-0,3,9XXX506XXX,0,1,1,2,3,148,735,0,0,12,0,12,4,4,1,18,18,1,0,0,0,0,0,0,0,0,0,0,0,0,0,15,15,0,0,0
SGVE2,2021-12-19T05:55:00+0000,2021-12-19T06:00:00+0000,0::FFFF:xx.xx.xx.xx,-1,GoogleServices,CaseTest,TestDevice2-SP,ALL-TRAFFIC,5,971506948478,419812019969,4127462284,Generic,-1,-1,-1,GENERIC,GENERIC,-1,Tethered,0,0,Web Applications,1004,-1,0,0,No tunnel information,-1,00000000-0,No tunnel information,-1,00000000-0,2,9XXX506XXX,0,0,0,12,10,6941,2951,0,0,0,0,0,0,0,0,0,0,0,2,2,0,0,0,0,0,0,0,0,0,0,0,30,30,0,0,1
SGVE2,2021-12-19T05:55:00+0000,2021-12-19T06:00:00+0000,0::FFFF:xx.xx.xx.xx,-1,DNS over TLS,CaseTest,TEST-DEVICE-2,Fallback,0,0,0,1,Generic,-1,-1,-1,GENERIC,GENERIC,-1,Tethered,0,0,Network Operation,1000,-1,0,0,No tunnel information,-1,00000000-0,No tunnel information,-1,00000000-0,0,9XXX506XXX,0,1,3,0,48,0,7219,0,0,0,5,49,0,0,0,0,0,0,0,0,0,0,0,0,0,0,0,0,0,0,0,0,105,0,0,3
SGVE2,2021-12-19T05:55:00+0000,2021-12-19T06:00:00+0000,0::FFFF:xx.xx.xx.xx,-1,GoogleServices,CaseTest,TEST-DEVICE-2,Fallback,0,0,0,1,Generic,-1,-1,-1,GENERIC,GENERIC,-1,Tethered,0,0,Web Applications,1000,-1,0,0,No tunnel information,-1,00000000-0,No tunnel information,-1,00000000-0,0,9XXX506XXX,0,0,0,0,21,0,5911,0,0,0,0,0,0,0,0,0,0,0,1,1,0,0,0,0,0,0,0,0,0,0,0,0,30,0,0,3
SGVE2,2021-12-19T05:55:00+0000,2021-12-19T06:00:00+0000,0::FFFF:xx.xx.xx.xx,-1,Google Push Notifications,CaseTest,TestDevice2-SP,ALL-TRAFFIC,5,971506948478,419812019969,4127462284,Generic,-1,-1,-1,GENERIC,GENERIC,-1,Un-Tethered,0,0,Instant Messaging Applications,1004,-1,0,0,No tunnel information,-1,00000000-0,No tunnel information,-1,00000000-0,2,9XXX506XXX,0,0,0,2,0,483,0,0,0,2,0,0,0,0,0,0,0,0,0,0,0,0,0,0,0,0,0,0,0,0,0,15,0,0,0,0
SGVE2,2021-12-19T05:55:00+0000,2021-12-19T06:00:00+0000,0::FFFF:xx.xx.xx.xx,-1,HTTPS,CaseTest,TEST-DEVICE-2,Fallback,0,0,0,1,Generic,-1,-1,-1,GENERIC,GENERIC,-1,Tethered,0,0,Web Applications,1000,-1,0,0,No tunnel information,-1,00000000-0,No tunnel information,-1,00000000-0,0,9XXX506XXX,0,1,2,0,24,0,9882,0,0,0,2,23,0,0,0,0,0,0,2,0,0,0,0,0,0,0,0,0,0,0,0,0,45,0,0,3
SGVE2,2021-12-19T05:55:00+0000,2021-12-19T06:00:00+0000,0::FFFF:xx.xx.xx.xx,-1,Google Push Notifications,CaseTest,TestDevice1-SP,ALL-TRAFFIC,5,971506948478,419812019969,4127462284,Generic,-1,-1,-1,GENERIC,GENERIC,-1,Un-Tethered,0,0,Instant Messaging Applications,1004,-1,0,0,No tunnel information,-1,00000000-0,No tunnel information,-1,00000000-0,3,9XXX506XXX,0,1,0,5,7,3833,1340,0,0,2,0,4,0,0,0,0,0,0,0,0,0,0,0,0,0,0,0,0,0,0,0,30,45,0,0,1
SGVE2,2021-12-19T05:55:00+0000,2021-12-19T06:00:00+0000,0::FFFF:xx.xx.xx.xx,-1,HTTPS,CaseTest,TestDevice1-SP,ALL-TRAFFIC,5,971506948478,419812019969,4127462284,Generic,-1,-1,-1,GENERIC,GENERIC,-1,Un-Tethered,0,0,Web Applications,1004,-1,0,0,No tunnel information,-1,00000000-0,No tunnel information,-1,00000000-0,3,9XXX506XXX,0,0,2,10,0,1284,0,0,6,10,0,0,0,0,0,0,0,0,0,0,0,0,0,0,0,0,0,0,0,0,0,15,0,0,0,2
SGVE2,2021-12-19T05:55:00+0000,2021-12-19T06:00:00+0000,0::FFFF:xx.xx.xx.xx,-1,GoogleServices,CaseTest,TestDevice1-SP,ALL-TRAFFIC,5,971506948478,419812019969,4127462284,Generic,-1,-1,-1,GENERIC,GENERIC,-1,Un-Tethered,0,0,Web Applications,1004,-1,0,0,No tunnel information,-1,00000000-0,No tunnel information,-1,00000000-0,3,9XXX506XXX,0,0,1,5,0,642,0,0,3,5,0,0,0,0,0,0,0,0,0,0,0,0,0,0,0,0,0,0,0,0,0,15,0,0,0,1
SGVE2,2021-12-19T05:55:00+0000,2021-12-19T06:00:00+0000,0::FFFF:xx.xx.xx.xx,-1,DNS over TLS,CaseTest,TestDevice2-SP,ALL-TRAFFIC,5,971504746037,419812646401,1,Generic,-1,-1,-1,GENERIC,GENERIC,-1,Tethered,0,0,Network Operation,1000,-1,0,0,No tunnel information,-1,00000000-0,No tunnel information,-1,00000000-0,1,9XXX506XXX,0,1,3,0,88,0,13053,0,0,0,7,83,0,0,0,0,0,0,1,0,0,0,0,0,0,0,0,0,0,0,0,0,195,0,0,3
SGVE2,2021-12-19T05:55:00+0000,2021-12-19T06:00:00+0000,0::FFFF:xx.xx.xx.xx,-1,GoogleServices,CaseTest,TestDevice2-SP,ALL-TRAFFIC,5,971504746037,419812646401,1,Generic,-1,-1,-1,GENERIC,GENERIC,-1,Tethered,0,0,Web Applications,1000,-1,0,0,No tunnel information,-1,00000000-0,No tunnel information,-1,00000000-0,1,9XXX506XXX,0,5,9,0,61,0,13794,0,0,0,0,89,0,0,0,0,0,0,1,0,0,0,0,0,0,0,0,0,0,0,0,0,150,0,0,6
SGVE2,2021-12-19T05:55:00+0000,2021-12-19T06:00:00+0000,0::FFFF:xx.xx.xx.xx,-1,YouTube Browsing,CaseTest,TestDevice1-SP,YT-QOS,5,971506948478,419812019969,4127462284,Generic,-1,-1,-1,GENERIC,GENERIC,-1,Tethered,0,0,Web Applications,1004,-1,0,0,No tunnel information,-1,00000000-0,No tunnel information,-1,00000000-0,3,9XXX506XXX,0,6,6,286,139,132409,41199,0,7,305,2,139,3,7,2,22,44,2,36,1,0,19,0,5787,0,0,0,0,0,0,0,75,75,0,0,6
SGVE2,2021-12-19T05:55:00+0000,2021-12-19T06:00:00+0000,0::FFFF:xx.xx.xx.xx,-1,YouTube,CaseTest,TestDevice1-SP,YT-QOS,5,971506948478,419812019969,4127462284,Generic,-1,-1,-1,GENERIC,GENERIC,-1,Tethered,0,0,Streaming Applications,1004,-1,0,0,No tunnel information,-1,00000000-0,No tunnel information,-1,00000000-0,3,9XXX506XXX,0,15,25,11404,9056,14562262,810973,0,120,446,0,45,2,14,5,16,84,5,1234,67,0,3891,0,4976270,0,0,0,0,0,0,0,165,165,0,0,20
SGVE2,2021-12-19T05:55:00+0000,2021-12-19T06:00:00+0000,0::FFFF:xx.xx.xx.xx,-1,Other UDP,CaseTest,TestDevice1-SP,ALL-TRAFFIC,5,971506948478,419812019969,4127462284,Generic,-1,-1,-1,GENERIC,GENERIC,-1,Tethered,0,0,Unclassified,1004,-1,0,0,No tunnel information,-1,00000000-0,No tunnel information,-1,00000000-0,3,9XXX506XXX,0,2,1,54,0,20671,0,0,0,0,0,0,0,0,0,0,0,0,4,0,0,0,0,0,0,0,0,0,0,0,0,45,0,0,0,3
SGVE2,2021-12-19T05:55:00+0000,2021-12-19T06:00:00+0000,0::FFFF:xx.xx.xx.xx,-1,UDP Port 443,CaseTest,TestDevice1-SP,ALL-TRAFFIC,5,971506948478,419812019969,4127462284,Generic,-1,-1,-1,GENERIC,GENERIC,-1,Tethered,0,0,Other,1004,-1,0,0,No tunnel information,-1,00000000-0,No tunnel information,-1,00000000-0,3,9XXX506XXX,0,1,3,95,0,68589,0,0,0,0,0,0,0,0,0,0,0,0,17,0,0,0,0,0,0,0,0,0,0,0,0,30,0,0,0,3
SGVE2,2021-12-19T05:55:00+0000,2021-12-19T06:00:00+0000,0::FFFF:xx.xx.xx.xx,-1,Quic Obfuscated,CaseTest,TestDevice1-SP,YT-QOS,5,971506948478,419812019969,4127462284,Generic,-1,-1,-1,GENERIC,GENERIC,-1,Tethered,0,0,Web Applications,1004,-1,0,0,No tunnel information,-1,00000000-0,No tunnel information,-1,00000000-0,3,9XXX506XXX,0,4,13,717,291,614375,41022,0,0,0,0,0,0,0,0,0,0,0,106,0,0,782,0,939211,0,0,0,0,0,0,0,105,45,0,0,11
SGVE2,2021-12-19T05:55:00+0000,2021-12-19T06:00:00+0000,0::FFFF:xx.xx.xx.xx,-1,Google Search,CaseTest,TestDevice1-SP,ALL-TRAFFIC,5,971506948478,419812019969,4127462284,Generic,-1,-1,-1,GENERIC,GENERIC,-1,Tethered,0,0,Web Applications,1004,-1,0,0,No tunnel information,-1,00000000-0,No tunnel information,-1,00000000-0,3,9XXX506XXX,0,1,1,18,0,7504,0,0,0,18,0,0,0,0,0,0,0,0,1,0,0,0,0,0,0,0,0,0,0,0,0,30,0,0,0,1
SGVE2,2021-12-19T05:55:00+0000,2021-12-19T06:00:00+0000,0::FFFF:xx.xx.xx.xx,-1,GoogleServices,CaseTest,TestDevice1-SP,ALL-TRAFFIC,5,971506948478,419812019969,4127462284,Generic,-1,-1,-1,GENERIC,GENERIC,-1,Tethered,0,0,Web Applications,1004,-1,0,0,No tunnel information,-1,00000000-0,No tunnel information,-1,00000000-0,3,9XXX506XXX,0,2,2,19,6,8340,1094,0,0,19,0,6,3,3,1,20,20,1,2,0,0,0,0,0,0,0,0,0,0,0,0,30,30,0,0,2
SGVE2,2021-12-19T05:55:00+0000,2021-12-19T06:00:00+0000,0::FFFF:xx.xx.xx.xx,-1,YouTube,CaseTest,TestDevice1-SP,YT-QOS,5,971506948478,419812019969,4127462284,Generic,-1,-1,-1,GENERIC,GENERIC,-1,Un-Tethered,0,0,Streaming Applications,1004,-1,0,0,No tunnel information,-1,00000000-0,No tunnel information,-1,00000000-0,3,9XXX506XXX,0,3,13,15761,0,20180296,0,0,0,0,0,0,0,0,0,0,0,0,1282,792,0,4330,0,5586332,0,0,0,0,0,0,0,135,0,0,0,11
SGVE2,2021-12-19T05:55:00+0000,2021-12-19T06:00:00+0000,0::FFFF:xx.xx.xx.xx,-1,Generic CDN,CaseTest,TestDevice2-SP,ALL-TRAFFIC,5,971504746037,419812646401,1,Generic,-1,-1,-1,GENERIC,GENERIC,-1,Tethered,0,0,Web Applications,1000,-1,0,0,No tunnel information,-1,00000000-0,No tunnel information,-1,00000000-0,1,9XXX506XXX,0,0,2,0,16,0,2251,0,0,0,0,16,0,0,0,0,0,0,0,0,0,0,0,0,0,0,0,0,0,0,0,0,15,0,0,2
SGVE2,2021-12-19T05:55:00+0000,2021-12-19T06:00:00+0000,0::FFFF:xx.xx.xx.xx,-1,HTTPS,CaseTest,TestDevice2-SP,ALL-TRAFFIC,5,971504746037,419812646401,1,Generic,-1,-1,-1,GENERIC,GENERIC,-1,Tethered,0,0,Web Applications,1000,-1,0,0,No tunnel information,-1,00000000-0,No tunnel information,-1,00000000-0,1,9XXX506XXX,0,0,3,0,4,0,368,0,0,0,0,3,0,0,0,0,0,0,0,0,0,0,0,0,0,0,0,0,0,0,0,0,15,0,0,4
SGVE2,2021-12-19T05:55:00+0000,2021-12-19T06:00:00+0000,0::FFFF:xx.xx.xx.xx,-1,Quic Obfuscated,CaseTest,TestDevice2-SP,YT,5,971504746037,419812646401,1,Generic,-1,-1,-1,GENERIC,GENERIC,-1,Tethered,0,0,Web Applications,1000,-1,0,0,No tunnel information,-1,00000000-0,No tunnel information,-1,00000000-0,1,9XXX506XXX,0,1,1,0,0,0,0,0,0,0,0,0,0,0,0,0,0,0,0,0,0,0,0,0,0,0,0,0,0,0,0,0,0,1,0,0
